x0,x1,x2,y
1,0.458248047,0.407339285,-1
1,0.308185547,0.236474172,1
1,0.170111328,0.590143617,1
1,0.239095703,0.424140277,1
1,0.305740234,0.475571383,-1
1,0.273257813,0.512924855,1
1,0.240478516,0.556349867,1
1,0.289111328,0.363813961,1
1,0.440533203,0.38163568,-1
1,0.367689453,0.395141887,-1
1,0.204933594,0.495436773,1
1,0.324035156,0.694465969,-1
1,0.122947266,0.636626023,1
1,0.269546875,0.413149926,1
1,0.355505859,0.526598926,-1
1,0.368964844,0.401842711,-1
1,0.350066406,0.634147262,-1
1,0.315505859,0.326648047,1
1,0.305238281,0.260028543,1
1,0.410822266,0.21960868,1
1,0.374589844,0.460850852,-1
1,0.351886719,0.562623605,-1
1,0.330414063,0.176186938,1
1,0.340353516,0.500030051,-1
1,0.351763672,0.569847199,-1
1,0.284371094,0.332974559,1
1,0.167234375,0.577917484,1
1,0.354835938,0.492875043,-1
1,0.305923828,0.340490582,1
1,0.2579375,0.315999691,1
1,0.397748047,0.225312516,1
1,0.272095703,0.728484035,-1
1,0.318064453,0.516537711,-1
1,0.211587891,0.488201516,1
1,0.348771484,0.160417254,1
1,0.319416016,0.406608855,1
1,0.173408203,0.587531066,1
1,0.225455078,0.44941877,1
1,0.162019531,0.573547926,1
1,0.165884766,0.65691693,1
1,0.267117188,0.623340691,-1
1,0.293710938,0.420939367,1
1,0.198826172,0.483526293,1
1,0.181275391,0.517513082,1
1,0.396261719,0.409130961,-1
1,0.270544922,0.400640434,1
1,0.245341797,0.590726133,-1
1,0.348558594,0.587283145,-1
1,0.415476563,0.561423152,-1
1,0.334148438,0.494774805,-1
1,0.236429688,0.719439859,-1
1,0.335580078,0.604147883,-1
1,0.209460938,0.665396957,-1
1,0.312552734,0.688922461,-1
1,0.303892578,0.369701691,1
1,0.380371094,0.321167059,1
1,0.370914063,0.182607867,1
1,0.301451172,0.556616887,-1
1,0.231632812,0.342766223,1
1,0.176966797,0.586847098,1
1,0.427017578,0.610616051,-1
1,0.326564453,0.438055672,1
1,0.223310547,0.595532543,-1
1,0.361308594,0.436052387,-1
1,0.262636719,0.533928703,-1
1,0.355769531,0.368751492,1
1,0.293392578,0.334520676,1
1,0.284363281,0.660233773,-1
1,0.366996094,0.311288527,1
1,0.369375,0.363990883,1
1,0.191681641,0.537689516,1
1,0.392546875,0.236296207,1
1,0.188460937,0.502983172,1
1,0.295900391,0.358721105,1
1,0.363232422,0.529903457,-1
1,0.270998047,0.33996298,1
1,0.264066406,0.571521543,-1
1,0.281556641,0.330152133,1
1,0.230648438,0.453828313,1
1,0.241126953,0.481562844,1
1,0.233117188,0.396288445,1
1,0.338166016,0.669321121,-1
1,0.411197266,0.148819531,1
1,0.142121094,0.616609262,1
1,0.191533203,0.563244727,1
1,0.238867188,0.401763129,1
1,0.303777344,0.408275105,1
1,0.139683594,0.666258512,1
1,0.361203125,0.547683785,-1
1,0.285808594,0.366073391,1
1,0.226572266,0.478247133,1
1,0.157238281,0.56786777,1
1,0.205412109,0.489031672,1
1,0.279113281,0.434238012,1
1,0.276873047,0.524691488,-1
1,0.255121094,0.332942887,1
1,0.238630859,0.48215009,1
1,0.252880859,0.792495023,-1
1,0.340166016,0.304650438,1
1,0.257232422,0.47131082,1
1,0.331443359,0.304158824,1
1,0.336916016,0.364803086,1
1,0.226800781,0.631796797,-1
1,0.228332031,0.44623057,1
1,0.223222656,0.436426691,1
1,0.257931641,0.504546863,1
1,0.317648438,0.296862352,1
1,0.487648438,0.531887895,-1
1,0.434896484,0.250982012,1
1,0.348841797,0.365314,1
1,0.321882813,0.336556723,1
1,0.214771484,0.467732102,1
1,0.244800781,0.48119793,1
1,0.261125,0.33565327,1
1,0.352421875,0.418615293,-1
1,0.248275391,0.40541777,1
1,0.331847656,0.378033738,1
1,0.248121094,0.574306281,-1
1,0.29365625,0.39910802,1
1,0.213136719,0.462314988,1
1,0.17828125,0.472837926,1
1,0.346476563,0.366128281,1
1,0.271261719,0.372494656,1
1,0.350896484,0.309956313,1
1,0.26884375,0.639105953,-1
1,0.281966797,0.437902434,1
1,0.256599609,0.521095102,1
1,0.336474609,0.379620164,1
1,0.326189453,0.246168219,1
1,0.335091797,0.428924172,1
1,0.313216797,0.345161027,1
1,0.303044922,0.232423086,1
1,0.193353516,0.512007266,1
1,0.300119141,0.591277934,-1
1,0.327396484,0.608558125,-1
1,0.376628906,0.188874457,1
1,0.272476562,0.534904047,-1
1,0.367501953,0.188584258,1
1,0.301039063,0.769946266,-1
1,0.200537109,0.441364074,1
1,0.178833984,0.524808508,1
1,0.281845703,0.426601285,1
1,0.327589844,0.420095152,1
1,0.302199219,0.582689164,-1
1,0.195513672,0.707123594,-1
1,0.312953125,0.340064281,1
1,0.358179688,0.180483828,1
1,0.275177734,0.437921191,1
1,0.275384766,0.29090752,1
1,0.305982422,0.397187148,1
1,0.264197266,0.421336988,1
1,0.299582031,0.436294891,1
1,0.167150391,0.660653484,1
1,0.358115234,0.260067535,1
1,0.315894531,0.718804133,-1
1,0.348060547,0.360700066,1
1,0.242494141,0.651393789,-1
1,0.309056641,0.617995398,-1
1,0.310435547,0.352011684,1
1,0.296552734,0.622447551,-1
1,0.449966797,0.589573031,-1
1,0.267255859,0.482801137,1
1,0.244197266,0.537729117,1
1,0.261958984,0.355569734,1
1,0.467447266,0.162385688,1
1,0.337917969,0.518191422,-1
1,0.186970703,0.483255484,1
1,0.110560547,0.700139777,1
1,0.256519531,0.307631949,1
1,0.416173828,0.322864027,-1
1,0.324736328,0.399685824,1
1,0.291972656,0.39914934,1
1,0.260871094,0.553379633,-1
1,0.296958984,0.356871492,1
1,0.270714844,0.599970422,-1
1,0.288900391,0.522286508,-1
1,0.372029297,0.681637066,-1
1,0.340142578,0.33118984,1
1,0.378242188,0.255376656,1
1,0.358347656,0.205694488,1
1,0.245111328,0.549543309,1
1,0.297023438,0.37656418,1
1,0.392142578,0.453301582,-1
1,0.316908203,0.564431164,-1
1,0.171109375,0.548810059,1
1,0.191398438,0.724070484,-1
1,0.182060547,0.695069125,-1
1,0.348074219,0.255696734,1
1,0.348640625,0.158952434,1
1,0.269548828,0.634693941,-1
1,0.317691406,0.553087254,-1
1,0.194755859,0.445722457,1
1,0.355601563,0.255323301,1
1,0.317048828,0.504576414,-1
1,0.305900391,0.524194473,-1
1,0.188650391,0.698830605,-1
1,0.192269531,0.659460824,-1
1,0.198210938,0.71460102,-1
1,0.279267578,0.324220168,1
1,0.264458984,0.418886574,1
1,0.324853516,0.295066949,1
1,0.326341797,0.327856063,1
1,0.349599609,0.312739816,1
1,0.380849609,0.291203059,1
1,0.236169922,0.337915922,1
1,0.364369141,0.396997281,-1
1,0.315306641,0.269709164,1
1,0.198767578,0.506717289,1
1,0.331941406,0.315869832,1
1,0.328568359,0.379724086,1
1,0.195349609,0.593271945,1
1,0.196796875,0.510126555,1
1,0.304355469,0.424620711,1
1,0.245259766,0.36507907,1
1,0.213910156,0.529008664,1
1,0.293140625,0.229087496,1
1,0.187152344,0.499014777,1
1,0.193929688,0.446988164,1
1,0.285414063,0.225904434,1
1,0.240912109,0.345653469,1
1,0.265685547,0.651605441,-1
1,0.290816406,0.365418984,1
1,0.319708984,0.269599105,1
1,0.233740234,0.401808172,1
1,0.302962891,0.255290875,1
1,0.354142578,0.235027871,1
1,0.37640625,0.289605113,1
1,0.213525391,0.448257121,1
1,0.305666016,0.217988562,1
1,0.248615234,0.423719824,1
1,0.244523438,0.34735591,1
1,0.403826172,0.164725969,1
1,0.219136719,0.671418633,-1
1,0.359142578,0.47888452,-1
1,0.331421875,0.208989246,1
1,0.394087891,0.521757324,-1
1,0.289755859,0.276410691,1
1,0.210693359,0.516040504,1
1,0.284910156,0.44441168,1
1,0.310380859,0.282381133,1
1,0.233619141,0.427174797,1
1,0.365826172,0.341260598,1
1,0.174816406,0.604158031,1
1,0.188365234,0.49606373,1
1,0.377416016,0.435694199,-1
1,0.329363281,0.599826441,-1
1,0.303847656,0.620514395,-1
1,0.373986328,0.377590156,-1
1,0.283416016,0.297269031,1
1,0.231859375,0.466681652,1
1,0.314085937,0.470716754,-1
1,0.319855469,0.642295051,-1
1,0.297949219,0.750370039,-1
1,0.207605469,0.505575754,1
1,0.234054688,0.697292223,-1
1,0.267,0.719083234,-1
1,0.340707031,0.127276508,1
1,0.240914062,0.493839301,1
1,0.236875,0.680589016,-1
1,0.278201172,0.463967633,1
1,0.357765625,0.747707953,-1
1,0.338744141,0.723929645,-1
1,0.251521484,0.587496016,-1
1,0.30703125,0.367532355,1
1,0.398439453,0.282871676,1
1,0.2216875,0.519287465,1
1,0.360283203,0.631465906,-1
1,0.246730469,0.758220543,-1
1,0.352384766,0.622037641,-1
1,0.293207031,0.50984743,-1
1,0.258203125,0.498267262,1
1,0.307347656,0.552733535,-1
1,0.360763672,0.440263672,-1
1,0.337662109,0.388651129,1
1,0.183033203,0.53032825,1
1,0.34225,0.25385732,1
1,0.305193359,0.287482766,1
1,0.371824219,0.43064493,-1
1,0.400986328,0.193037125,1
1,0.270234375,0.521402363,1
1,0.319900391,0.412913949,1
1,0.295644531,0.267724473,1
1,0.178507813,0.607737609,1
1,0.220064453,0.751069191,-1
1,0.254373047,0.387685594,1
1,0.228935547,0.627840262,-1
1,0.333609375,0.485244406,-1
1,0.257162109,0.607063824,-1
1,0.359154297,0.432154316,-1
1,0.291933594,0.272904879,1
1,0.198591797,0.498145859,1
1,0.29234375,0.3041165,1
1,0.381269531,0.664769754,-1
1,0.226728516,0.490845176,1
1,0.341560547,0.53256177,-1
1,0.219083984,0.647316063,-1
1,0.337292969,0.296951082,1
1,0.332669922,0.278670516,1
1,0.258732422,0.415051297,1
1,0.315566406,0.30844007,1
1,0.235775391,0.323418438,1
1,0.263683594,0.449915605,1
1,0.128744141,0.628261145,1
1,0.20328125,0.453656543,1
1,0.396001953,0.183263746,1
1,0.291404297,0.28824966,1
1,0.267861328,0.422583172,1
1,0.178509766,0.57735277,1
1,0.185236328,0.583417313,1
1,0.300183594,0.29478632,1
1,0.222644531,0.470508348,1
1,0.200728516,0.535381441,1
1,0.234388672,0.362916789,1
1,0.265320313,0.350085258,1
1,0.329582031,0.424603164,1
1,0.370433594,0.287348836,1
1,0.300832031,0.265246203,1
1,0.404642578,0.338553145,-1
1,0.275087891,0.68027716,-1
1,0.335488281,0.483950109,-1
1,0.504652344,0.509354918,-1
1,0.349171875,0.286319422,1
1,0.285296875,0.569764344,-1
1,0.315484375,0.339347004,1
1,0.245708984,0.585784301,-1
1,0.282939453,0.187547035,1
1,0.423570313,0.633903059,-1
1,0.261150391,0.58580618,-1
1,0.447261719,0.413207477,-1
1,0.253089844,0.401051617,1
1,0.132271484,0.780292645,-1
1,0.103980469,0.729569109,1
1,0.364216797,0.642163547,-1
1,0.345808594,0.243590074,1
1,0.363294922,0.306724371,1
1,0.314578125,0.437265555,1
1,0.327535156,0.570454695,-1
1,0.385496094,0.710698043,-1
1,0.407435547,0.633734473,-1
1,0.339349609,0.225997156,1
1,0.343847656,0.50756525,-1
1,0.370496094,0.318124945,1
1,0.210923828,0.638357793,-1
1,0.240458984,0.810609797,-1
1,0.296822266,0.267370504,1
1,0.465074219,0.459622938,-1
1,0.205529297,0.622072715,-1
1,0.222029297,0.432962047,1
1,0.257052734,0.305576848,1
1,0.182617188,0.672280359,-1
1,0.294023438,0.616557043,-1
1,0.367427734,0.417158367,-1
1,0.309755859,0.566001695,-1
1,0.474476563,0.405576379,-1
1,0.451935547,0.517064004,-1
1,0.199259766,0.688782262,-1
1,0.310582031,0.21229882,1
1,0.2518125,0.330261242,1
1,0.349025391,0.288147828,1
1,0.126324219,0.630182125,1
1,0.238138672,0.431078125,1
1,0.327306641,0.259167148,1
1,0.305626953,0.234076801,1
1,0.247177734,0.648875035,-1
1,0.264376953,0.573479578,-1
1,0.292292969,0.628128934,-1
1,0.25871875,0.453152758,1
1,0.258242188,0.515327992,1
1,0.326617188,0.321699008,1
1,0.327208984,0.592657043,-1
1,0.407433594,0.498251066,-1
1,0.2355625,0.678822996,-1
1,0.286388672,0.571197664,-1
1,0.225394531,0.718805277,-1
1,0.341220703,0.821816973,-1
1,0.364699219,0.259874684,1
1,0.211921875,0.664201266,-1
1,0.249605469,0.708892938,-1
1,0.184490234,0.521235781,1
1,0.309830078,0.645257707,-1
1,0.212068359,0.652776223,-1
1,0.241261719,0.70486698,-1
1,0.244800781,0.661885672,-1
1,0.159785156,0.543966719,1
1,0.220154297,0.459497785,1
1,0.313179688,0.585588793,-1
1,0.164996094,0.629067141,1
1,0.336130859,0.343253059,1
1,0.351507813,0.456133402,-1
1,0.344404297,0.275860781,1
1,0.368798828,0.362330816,1
1,0.388552734,0.311603289,1
1,0.102845703,0.695966668,1
1,0.392716797,0.261463633,1
1,0.375521484,0.339792461,1
1,0.369558594,0.298628367,1
1,0.208134766,0.598957906,1
1,0.332732422,0.29270416,1
1,0.207707031,0.519321402,1
1,0.332058594,0.331135129,1
1,0.322056641,0.167689609,1
1,0.272283203,0.780864258,-1
1,0.317753906,0.343057719,1
1,0.441599609,0.373698461,-1
1,0.407027344,0.59773107,-1
1,0.335324219,0.285592148,1
1,0.286871094,0.562133859,-1
1,0.310597656,0.227882992,1
1,0.282949219,0.568579621,-1
1,0.286144531,0.366892703,1
1,0.298080078,0.286725777,1
1,0.400380859,0.399318168,-1
1,0.238353516,0.475239648,1
1,0.266732422,0.456267746,1
1,0.351091797,0.22259184,1
1,0.340443359,0.193362742,1
1,0.246009766,0.585214488,-1
1,0.391966797,0.205191961,1
1,0.249175781,0.365925129,1
1,0.232691406,0.425691746,1
1,0.357373047,0.244588816,1
1,0.209605469,0.48677193,1
1,0.346427734,0.164630434,1
1,0.150349609,0.564090926,1
1,0.325902344,0.364426574,1
1,0.378525391,0.299356277,1
1,0.265375,0.491934922,1
1,0.265363281,0.330700125,1
1,0.301109375,0.394201734,1
1,0.192039063,0.557730473,1
1,0.351167969,0.698024145,-1
1,0.490160156,0.302196055,-1
1,0.296441406,0.585631016,-1
1,0.354365234,0.448306973,-1
1,0.261980469,0.574635203,-1
1,0.18025,0.57002832,1
1,0.200646484,0.465113691,1
1,0.394378906,0.263799074,1
1,0.314554688,0.488220281,-1
1,0.424701172,0.281744277,1
1,0.208490234,0.554395848,1
1,0.270833984,0.665419445,-1
1,0.255693359,0.560178086,-1
1,0.312603516,0.231395988,1
1,0.409234375,0.533873016,-1
1,0.331789063,0.281727457,1
1,0.417412109,0.123202145,1
1,0.248210938,0.415254668,1
1,0.331660156,0.30973682,1
1,0.363296875,0.269426289,1
1,0.407191406,0.613619988,-1
1,0.555054688,0.230500219,-1
1,0.516089844,0.41616323,-1
1,0.364384766,0.615972715,-1
1,0.344089844,0.686677313,-1
1,0.32459375,0.328649578,1
1,0.233755859,0.398672535,1
1,0.241603516,0.63046784,-1
1,0.272337891,0.564457887,-1
1,0.242419922,0.371714816,1
1,0.307859375,0.189691781,1
1,0.366195313,0.502314727,-1
1,0.27809375,0.57745752,-1
1,0.364214844,0.179329258,1
1,0.278492188,0.55361627,-1
1,0.203371094,0.744463672,-1
1,0.433919922,0.556021277,-1
1,0.213515625,0.658115527,-1
1,0.266773438,0.297165043,1
1,0.137513672,0.707598137,-1
1,0.176691406,0.437668422,1
1,0.195271484,0.402079395,1
1,0.362181641,0.407620309,-1
1,0.249697266,0.42321368,1
1,0.294248047,0.56721748,-1
1,0.306310547,0.281591359,1
1,0.245566406,0.637674637,-1
1,0.250123047,0.290177738,1
1,0.105300781,0.703863645,1
1,0.195306641,0.435196633,1
1,0.218792969,0.603110758,-1
1,0.207375,0.416448359,1
1,0.218628906,0.612565371,-1
1,0.328767578,0.18771052,1
1,0.322328125,0.487446977,-1
1,0.327511719,0.442823094,-1
1,0.424986328,0.443524699,-1
1,0.272103516,0.77069702,-1
1,0.236078125,0.365578445,1
1,0.253417969,0.387177516,1
1,0.263195313,0.676307367,-1
1,0.317074219,0.317289215,1
1,0.278216797,0.443071254,1
1,0.249501953,0.554868645,-1
1,0.321039063,0.382830473,1
1,0.358585938,0.497735199,-1
1,0.359550781,0.331560262,1
1,0.34665625,0.394837074,1
1,0.286550781,0.313672531,1
1,0.360019531,0.562129637,-1
1,0.340802734,0.203618492,1
1,0.183376953,0.487211941,1
1,0.490605469,0.135351891,1
1,0.383183594,0.451938578,-1
1,0.324820313,0.335684691,1
1,0.295472656,0.328751387,1
1,0.215728516,0.5430845,1
1,0.301978516,0.369306992,1
1,0.230177734,0.428686719,1
1,0.270878906,0.618482766,-1
1,0.23909375,0.358614449,1
1,0.231355469,0.331258441,1
1,0.245849609,0.399206113,1
1,0.341632813,0.35562218,1
1,0.26496875,0.346754691,1
1,0.231171875,0.604926469,-1
1,0.343521484,0.528639313,-1
1,0.352960937,0.526506016,-1
1,0.264537109,0.596288051,-1
1,0.196228516,0.43654677,1
1,0.170882812,0.564106125,1
1,0.276675781,0.264745094,1
1,0.286144531,0.382879691,1
1,0.161121094,0.570117328,1
1,0.234421875,0.380155051,1
1,0.318916016,0.251959813,1
1,0.290269531,0.655983109,-1
1,0.276603516,0.485792469,1
1,0.194339844,0.520890609,1
1,0.245792969,0.510138949,1
1,0.26440625,0.548442852,-1
1,0.252257813,0.361805273,1
1,0.236960938,0.482283066,1
1,0.235957031,0.404331668,1
1,0.329841797,0.490063781,-1
1,0.371972656,0.290798609,1
1,0.339390625,0.435904062,-1
1,0.360164063,0.464949844,-1
1,0.388599609,0.224611629,1
1,0.178009766,0.511038617,1
1,0.279689453,0.298022375,1
1,0.335859375,0.272494008,1
1,0.349392578,0.283575543,1
1,0.260296875,0.434115977,1
1,0.218880859,0.645144695,-1
1,0.25503125,0.349450906,1
1,0.2271875,0.379566258,1
1,0.388222656,0.297951949,1
1,0.301630859,0.596020188,-1
1,0.157275391,0.565953426,1
1,0.356314453,0.273765016,1
1,0.247650391,0.563670102,-1
1,0.119423828,0.706492051,1
1,0.240642578,0.680601508,-1
1,0.284697266,0.546754543,-1
1,0.287445313,0.350267832,1
1,0.293855469,0.436957551,1
1,0.164630859,0.621026219,1
1,0.189974609,0.576093656,1
1,0.140152344,0.578475535,1
1,0.263996094,0.317484789,1
1,0.367970703,0.279215398,1
1,0.201845703,0.514621859,1
1,0.294710938,0.27575916,1
1,0.233988281,0.480838602,1
1,0.325183594,0.242686617,1
1,0.359007813,0.29623991,1
1,0.363962891,0.32771327,1
1,0.351113281,0.238252691,1
1,0.17171875,0.678821926,-1
1,0.320914063,0.37311918,1
1,0.243917969,0.610568938,-1
1,0.321611328,0.337666445,1
1,0.261765625,0.345734715,1
1,0.166525391,0.54731775,1
1,0.27465625,0.474086953,1
1,0.239074219,0.336980363,1
1,0.24828125,0.376846797,1
1,0.254025391,0.556266578,-1
1,0.157554688,0.635714578,1
1,0.309761719,0.490242414,-1
1,0.333544922,0.318683863,1
1,0.302011719,0.68352759,-1
1,0.248308594,0.736976008,-1
1,0.196185547,0.504468664,1
1,0.344164063,0.267254914,1
1,0.385802734,0.555967188,-1
1,0.244019531,0.539031113,1
1,0.249826172,0.511730984,1
1,0.256189453,0.387884363,1
1,0.259328125,0.367946668,1
1,0.286769531,0.319774066,1
1,0.454595703,0.390625418,-1
1,0.382726563,0.199853758,1
1,0.405876953,0.215399387,1
1,0.403740234,0.535178996,-1
1,0.334035156,0.302536422,1
1,0.255583984,0.347648457,1
1,0.215099609,0.632750777,-1
1,0.196947266,0.451769477,1
1,0.222126953,0.588022801,1
1,0.252769531,0.449491777,1
1,0.284402344,0.198736805,1
1,0.225251953,0.381332906,1
1,0.301447266,0.320452102,1
1,0.325001953,0.542974953,-1
1,0.369914063,0.295281879,1
1,0.329251953,0.431309695,1
1,0.293558594,0.499519871,-1
1,0.310105469,0.619746129,-1
1,0.288615234,0.523939438,-1
1,0.340804688,0.479596121,-1
1,0.191236328,0.492535813,1
1,0.254884766,0.415928617,1
1,0.318351562,0.406779152,1
1,0.288068359,0.288730316,1
1,0.352601562,0.208849902,1
1,0.365654297,0.532759633,-1
1,0.248751953,0.76582452,-1
1,0.258353516,0.360601074,1
1,0.160617187,0.527066188,1
1,0.200015625,0.645287492,-1
1,0.313072266,0.293920066,1
1,0.232873047,0.485484746,1
1,0.251171875,0.351182168,1
1,0.268005859,0.268770246,1
1,0.141853516,0.563296449,1
1,0.136015625,0.676383816,1
1,0.234779297,0.46014307,1
1,0.362759766,0.542217473,-1
1,0.232652344,0.466720875,1
1,0.094498047,0.742298734,1
1,0.191324219,0.499350238,1
1,0.265480469,0.712563797,-1
1,0.285164063,0.375398984,1
1,0.219667969,0.411865355,1
1,0.214144531,0.497109914,1
1,0.245146484,0.427841609,1
1,0.266,0.240158059,1
1,0.143287109,0.626141203,1
1,0.315277344,0.551876176,-1
1,0.287322266,0.639901691,-1
1,0.252894531,0.37749418,1
1,0.428210937,0.557427113,-1
1,0.225722656,0.348303926,1
1,0.309070313,0.302319152,1
1,0.257041016,0.314282063,1
1,0.301742188,0.329338934,1
1,0.256947266,0.297802898,1
1,0.321142578,0.348779992,1
1,0.192757813,0.450513105,1
1,0.128171875,0.626279516,1
1,0.239927734,0.550877684,1
1,0.394306641,0.596672414,-1
1,0.367820313,0.35661893,1
1,0.294458984,0.541555316,-1
1,0.253154297,0.413075594,1
1,0.266259766,0.396473688,1
1,0.365371094,0.576231668,-1
1,0.265236328,0.498478082,1
1,0.223302734,0.443481059,1
1,0.268259766,0.388011805,1
1,0.339361328,0.65644902,-1
1,0.349021484,0.317570215,1
1,0.308046875,0.430592914,1
1,0.286037109,0.37168573,1
1,0.197628906,0.538833996,1
1,0.192865234,0.466511395,1
1,0.339800781,0.304172539,1
1,0.346939453,0.617079719,-1
1,0.207851562,0.423786094,1
1,0.361892578,0.34139084,1
1,0.339572266,0.526477402,-1
1,0.269390625,0.297542918,1
1,0.259904297,0.32047848,1
1,0.307796875,0.290622324,1
1,0.231847656,0.477114336,1
1,0.198521484,0.530051734,1
1,0.359005859,0.328413535,1
1,0.298896484,0.209050746,1
1,0.300533203,0.843731645,-1
1,0.315275391,0.408809602,1
1,0.356111328,0.272419805,1
1,0.184273438,0.562774703,1
1,0.326894531,0.403126801,1
1,0.391162109,0.738225539,-1
1,0.298285156,0.520321883,-1
1,0.318941406,0.150415516,1
1,0.262767578,0.373251207,1
1,0.319589844,0.416964734,1
1,0.111085938,0.724871469,1
1,0.251207031,0.438214711,1
1,0.204785156,0.589848113,1
1,0.299271484,0.337246422,1
1,0.148099609,0.535329242,1
1,0.289623047,0.270308063,1
1,0.315351563,0.493285988,-1
1,0.316353516,0.23423216,1
1,0.24146875,0.428673961,1
1,0.236097656,0.660819281,-1
1,0.344753906,0.499213316,-1
1,0.307503906,0.687207602,-1
1,0.409314453,0.311808781,1
1,0.271576172,0.387902574,1
1,0.370714844,0.484958957,-1
1,0.264220703,0.657304535,-1
1,0.246957031,0.336347883,1
1,0.399414063,0.632825637,-1
1,0.2655625,0.748180445,-1
1,0.225554688,0.340923711,1
1,0.283154297,0.234652355,1
1,0.311476563,0.439537672,1
1,0.299058594,0.33749027,1
1,0.19878125,0.428268422,1
1,0.168492188,0.451288469,1
1,0.248253906,0.50885975,1
1,0.170783203,0.606340715,1
1,0.203283203,0.577774809,1
1,0.328902344,0.254203703,1
1,0.240869141,0.40982391,1
1,0.227658203,0.439139027,1
1,0.339308594,0.384281727,1
1,0.277996094,0.382559473,1
1,0.285865234,0.33046557,1
1,0.251880859,0.342903207,1
1,0.350464844,0.367184688,1
1,0.209748047,0.462864277,1
1,0.236283203,0.450069922,1
1,0.197806641,0.534872598,1
1,0.205080078,0.406965355,1
1,0.202804688,0.453363422,1
1,0.289414063,0.404158961,1
1,0.270046875,0.432490277,1
1,0.365042969,0.30815498,1
1,0.215619141,0.56285823,1
1,0.301492188,0.306108953,1
1,0.232203125,0.412662555,1
1,0.242404297,0.370415582,1
1,0.246345703,0.493819789,1
1,0.327978516,0.426131016,1
1,0.323015625,0.369610578,1
1,0.261570312,0.378296379,1
1,0.332353516,0.355745977,1
1,0.314095703,0.241994801,1
1,0.354517578,0.557578664,-1
1,0.270128906,0.483906516,1
1,0.226587891,0.470838859,1
1,0.235259766,0.545776086,1
1,0.346337891,0.404899016,1
1,0.403617188,0.283232199,1
1,0.191535156,0.573015246,1
1,0.409285156,0.170335469,1
1,0.121,0.691320961,1
1,0.280779297,0.301658238,1
1,0.345974609,0.389322551,1
1,0.317160156,0.576261051,-1
1,0.331796875,0.270314605,1
1,0.258378906,0.396992449,1
1,0.254822266,0.26879502,1
1,0.335048828,0.361119121,1
1,0.250617188,0.31817768,1
1,0.247630859,0.561729488,-1
1,0.254859375,0.512990219,1
1,0.309203125,0.301566676,1
1,0.353980469,0.529695406,-1
1,0.276662109,0.392455992,1
1,0.267330078,0.382563414,1
1,0.287386719,0.297231914,1
1,0.336363281,0.581819348,-1
1,0.260138672,0.375478227,1
1,0.498820313,0.409005477,-1
1,0.312566406,0.469143352,-1
1,0.241400391,0.565498895,-1
1,0.653880859,0.499598953,-1
1,0.330275391,0.258611219,1
1,0.398580078,0.437473266,-1
1,0.214150391,0.623229559,-1
1,0.321304687,0.499199496,-1
1,0.212587891,0.41507059,1
1,0.195453125,0.528137672,1
1,0.238609375,0.512501113,1
1,0.246908203,0.764995895,-1
1,0.227109375,0.647603059,-1
1,0.350099609,0.613964566,-1
1,0.315007813,0.263983957,1
1,0.354904297,0.668698313,-1
1,0.193300781,0.474820051,1
1,0.205402344,0.450436883,1
1,0.265453125,0.398827996,1
1,0.296525391,0.313175852,1
1,0.263792969,0.678042543,-1
1,0.286058594,0.653215141,-1
1,0.168478516,0.510436316,1
1,0.297169922,0.308262965,1
1,0.260716797,0.522272691,1
1,0.166908203,0.550723406,1
1,0.073113281,0.782577941,1
1,0.278871094,0.539492996,-1
1,0.232402344,0.413483047,1
1,0.286400391,0.385054254,1
1,0.301919922,0.429316754,1
1,0.383888672,0.390438625,-1
1,0.285666016,0.374015816,1
1,0.376320313,0.313272133,1
1,0.228648438,0.616399609,-1
1,0.366365234,0.323123684,1
1,0.216644531,0.477290402,1
1,0.184816406,0.48258848,1
1,0.268738281,0.293651848,1
1,0.419726563,0.304025469,1
1,0.378554688,0.388652227,-1
1,0.260732422,0.427743891,1
1,0.2324375,0.596502746,-1
1,0.312976563,0.198879148,1
1,0.272011719,0.218255441,1
1,0.216169922,0.458951695,1
1,0.138642578,0.614235906,1
1,0.212523438,0.500398383,1
1,0.253410156,0.401230926,1
1,0.283441406,0.717961375,-1
1,0.250701172,0.513176941,1
1,0.227232422,0.411670605,1
1,0.184214844,0.810762449,-1
1,0.166548828,0.60693732,1
1,0.152121094,0.601900531,1
1,0.348619141,0.647866168,-1
1,0.391896484,0.247013059,1
1,0.31040625,0.581980496,-1
1,0.229591797,0.611899977,-1
1,0.260433594,0.381268352,1
1,0.410097656,0.323077207,1
1,0.241148437,0.277389004,1
1,0.244025391,0.51835766,1
1,0.235632812,0.393249961,1
1,0.23159375,0.321845512,1
1,0.253974609,0.40206759,1
1,0.199085938,0.463869855,1
1,0.271210938,0.679585301,-1
1,0.261007813,0.532982219,1
1,0.337882813,0.411189215,1
1,0.33196875,0.766465828,-1
1,0.319642578,0.428693227,1
1,0.273681641,0.395580496,1
1,0.338720703,0.449276125,-1
1,0.261277344,0.521069523,1
1,0.337837891,0.38910191,1
1,0.253818359,0.496139266,1
1,0.416556641,0.16935934,1
1,0.359714844,0.675184613,-1
1,0.357927734,0.365522773,1
1,0.308150391,0.359527859,1
1,0.335917969,0.473749719,-1
1,0.335882812,0.385238305,1
1,0.206734375,0.612724918,-1
1,0.308660156,0.310104516,1
1,0.147470703,0.694785176,-1
1,0.2603125,0.533870703,1
1,0.181787109,0.67370807,-1
1,0.370369141,0.794347805,-1
1,0.390123047,0.500328824,-1
1,0.300013672,0.231923223,1
1,0.308144531,0.408203996,1
1,0.338207031,0.508358414,-1
1,0.277828125,0.404946461,1
1,0.222822266,0.596457547,-1
1,0.365863281,0.410678855,-1
1,0.340892578,0.385268207,1
1,0.425107422,0.51327941,-1
1,0.335365234,0.308678082,1
1,0.362003906,0.434531125,-1
1,0.293917969,0.384182605,1
1,0.284037109,0.343512777,1
1,0.375017578,0.308645965,1
1,0.273591797,0.414488434,1
1,0.309808594,0.296177418,1
1,0.304714844,0.260669793,1
1,0.29925,0.729683273,-1
1,0.237111328,0.422353258,1
1,0.282939453,0.457209813,1
1,0.276121094,0.677311824,-1
1,0.300236328,0.375924543,1
1,0.223890625,0.387407941,1
1,0.236654297,0.656306473,-1
1,0.222113281,0.612282605,-1
1,0.263476563,0.622541195,-1
1,0.403052734,0.485286496,-1
1,0.293273438,0.16213648,1
1,0.281419922,0.368923309,1
1,0.196003906,0.504502043,1
1,0.202951172,0.680190887,-1
1,0.342515625,0.322480688,1
1,0.339435547,0.240407816,1
1,0.266169922,0.567060184,-1
1,0.298578125,0.372095477,1
1,0.345792969,0.518262449,-1
1,0.293310547,0.694594945,-1
1,0.290626953,0.613483191,-1
1,0.302890625,0.664702047,-1
1,0.371957031,0.467352996,-1
1,0.234251953,0.442067605,1
1,0.368251953,0.328863926,1
1,0.377677734,0.351555645,1
1,0.499029297,0.542347047,-1
1,0.346257813,0.246414551,1
1,0.210541016,0.67310943,-1
1,0.344017578,0.220572687,1
1,0.292134766,0.733186445,-1
1,0.262878906,0.62484048,-1
1,0.265871094,0.498973496,1
1,0.279728516,0.477800215,1
1,0.347267578,0.38640216,1
1,0.201443359,0.656872492,-1
1,0.219539063,0.632172727,-1
1,0.197677734,0.443427516,1
1,0.261910156,0.386313461,1
1,0.344128906,0.217818594,1
1,0.210744141,0.673396043,-1
1,0.264431641,0.58463798,-1
1,0.264542969,0.643285215,-1
1,0.296488281,0.356266953,1
1,0.304894531,0.381698383,1
1,0.285351563,0.511063566,-1
1,0.2455625,0.476224758,1
1,0.287833984,0.22160184,1
1,0.197416016,0.65881023,-1
1,0.219195313,0.482597363,1
1,0.466941406,0.350751727,-1
1,0.431363281,0.549088434,-1
1,0.185396484,0.502180648,1
1,0.322857422,0.543547273,-1
1,0.172525391,0.559664156,1
1,0.264462891,0.441275699,1
1,0.260017578,0.650081992,-1
1,0.577246094,0.65467734,-1
1,0.360066406,0.577904625,-1
1,0.415605469,0.142864293,1
1,0.239402344,0.552101086,1
1,0.214392578,0.530496492,1
1,0.227681641,0.621759461,-1
1,0.342511719,0.264251375,1
1,0.351433594,0.550785781,-1
1,0.363183594,0.296922219,1
1,0.297447266,0.294719461,1
1,0.371021484,0.351340234,1
1,0.180269531,0.678532508,-1
1,0.357121094,0.62867566,-1
1,0.356929688,0.243549988,1
1,0.417720703,0.30611823,1
1,0.216486328,0.45778152,1
1,0.43309375,0.395327187,-1
1,0.255029297,0.401856227,1
1,0.262982422,0.643897695,-1
1,0.131253906,0.667285945,1
1,0.302111328,0.44916927,1
1,0.311257813,0.265572121,1
1,0.326634766,0.390518141,1
1,0.352146484,0.244899215,1
1,0.398507813,0.269759543,1
1,0.27003125,0.424446023,1
1,0.350417969,0.525510855,-1
1,0.285152344,0.515919023,-1
1,0.296144531,0.383962637,1
1,0.261332031,0.415606344,1
1,0.293884766,0.659773156,-1
1,0.281597656,0.376143754,1
1,0.451271484,0.196913328,1
1,0.403365234,0.25648293,1
1,0.298328125,0.323747949,1
1,0.286724609,0.280004184,1
1,0.360960937,0.20247098,1
1,0.436986328,0.334380375,-1
1,0.305664063,0.652863359,-1
1,0.354736328,0.4929495,-1
1,0.30759375,0.517361547,-1
1,0.313251953,0.518078,-1
1,0.246201172,0.358585188,1
1,0.234103516,0.351127902,1
1,0.240273438,0.500053332,1
1,0.286486328,0.520393348,-1
1,0.263712891,0.551980246,-1
1,0.316960938,0.327273566,1
1,0.380089844,0.290524336,1
1,0.163109375,0.694167293,-1
1,0.185980469,0.531835859,1
1,0.26946875,0.564208352,-1
